{
    "lr_encoder": 0.0002618465528052029,
    "lr_decoder": 0.000576599792115841,
    "weight_decay": 0.00013901205256077254,
    "dropout": 0.23891925216570375
}